Index,Customer Id,First Name,Last Name,Company
1,DD37Cf93aecA6Dc,Sheryl,Baxter,Rasmussen Group
2,1Ef7b82A4CAAD10,Preston,Lozano,Vega-Gentry
3,6F94879bDAfE5a6,Roy,Berry,Murillo-Perry
4,5Cef8BFA16c5e3c,Linda,Olsen,"Dominguez, Mcmillan and Donovan"
5,053d585Ab6b3159,Joanna,Bender,"Martin, Lang and Andrade"
6,2d08FB17EE273F4,Aimee,Downs,Steele Group
7,EA4d384DfDbBf77,Darren,Peck,"Lester, Woodard and Mitchell"
8,0e04AFde9f225dE,Brett,Mullen,"Sanford, Davenport and Giles"
9,C2dE4dEEc489ae0,Sheryl,Meyers,Browning-Simon
10,8C2811a503C7c5a,Michelle,Gallagher,Beck-Hendrix
11,216E205d6eBb815,Carl,Schroeder,"Oconnell, Meza and Everett"
12,CEDec94deE6d69B,Jenna,Dodson,"Hoffman, Reed and Mcclain"
13,e35426EbDEceaFF,Tracey,Mata,Graham-Francis
14,A08A8aF8BE9FaD4,Kristine,Cox,Carpenter-Cook
15,6fEaA1b7cab7B6C,Faith,Lutz,Carter-Hancock
